<?xml version='1.0' encoding='utf-8' standalone='yes' ?>
<map>
    <string name="prev_event_name">main_activity_on_create</string>
    <long name="prev_event_timestamp" value="1756491476087" />
    <int name="appsFlyerInAppEventCount" value="17" />
    <long name="prev_session_dur" value="27" />
    <boolean name="ddl_sent" value="true" />
    <long name="af_rc_max_age" value="86400" />
    <string name="sentSuccessfully">true</string>
    <string name="af_remote_config">eyJmZWF0dXJlcyI6e30sInZlciI6ImRlZmF1bHQudjEuMTYzNzE0OTUyOSJ9</string>
    <int name="versionCode" value="50106" />
    <string name="savedProperties">{&quot;uid&quot;:&quot;1756491231047-2778556289341826392&quot;,&quot;waitForCustomerId&quot;:&quot;false&quot;,&quot;logLevel&quot;:&quot;0&quot;,&quot;AppUserId&quot;:&quot;231866905&quot;}</string>
    <string name="AF_INSTALLATION">1756491231047-2778556289341826392</string>
    <boolean name="afUninstallToken_queued" value="false" />
    <int name="appsFlyerCount" value="9" />
    <long name="af_rc_timestamp" value="1756491231524" />
    <long name="AppsFlyerTimePassedSincePrevLaunch" value="1756491585837" />
    <boolean name="newGPReferrerSent" value="true" />
    <string name="appsFlyerFirstInstall"></string>
    <string name="attributionId">{&quot;install_time&quot;:&quot;2025-08-29 18:13:57.219&quot;,&quot;af_message&quot;:&quot;organic install&quot;,&quot;af_status&quot;:&quot;Organic&quot;,&quot;is_first_launch&quot;:false}</string>
</map>
