<?xml version='1.0' encoding='utf-8' standalone='yes' ?>
<map>
    <long name="fire-count" value="1" />
    <string name="last-used-date">2025-08-29</string>
    <long name="fire-global" value="1756491314689" />
    <set name="kotlin/2.0.21 fire-perf/20.4.0 fire-analytics/21.3.0 android-min-sdk/23 device-name/a23nnxx fire-core-ktx/unspecified fire-fcm/23.2.0 fire-sessions/1.0.0 fire-abt/21.1.1 device-brand/samsung fire-android/33 fire-core/20.3.3 fire-installations/17.1.3 android-installer/com.google.android.packageinstaller device-model/a23 android-target-sdk/28 android-platform/ fire-rc/21.4.1 fire-dl/21.1.0 fire-auth/22.1.0 fire-transport/18.1.8 fire-cls/18.4.0">
        <string>2025-08-29</string>
    </set>
</map>
