{"Fid":"fYryOLCeRxCEv3uY4IJ5tg","Status":3,"AuthToken":"eyJhbGciOiJFUzI1NiIsInR5cCI6IkpXVCJ9.eyJhcHBJZCI6IjE6ODUwMjIwMDM3MDgxOmFuZHJvaWQ6MmE1OGNhMjhkNmEzZDM0YiIsImV4cCI6MTc1NzA5NjAzMCwiZmlkIjoiZllyeU9MQ2VSeENFdjN1WTRJSjV0ZyIsInByb2plY3ROdW1iZXIiOjg1MDIyMDAzNzA4MX0.AB2LPV8wRAIge8jkSOCEClLZR8d1-T2Rr58tGQuMq2D-IVvAW0DFjnQCIDoUE1mUpNEbDkfOialozqsBjBSHj41WD2XO59lgphaK","RefreshToken":"3_AS3qfwJiG7dJzwRN0VC8kIGqTcLWpCa1rj13ryAp0x26btwyi-fU9NXCoE6xZDpoRnxgdL8WrNGEip14envYJPsyozv5AmzuFnpYNakzTzt43OY","TokenCreationEpochInSecs":1756491231,"ExpiresInSecs":604800}